{
    "Time": [
        0,
        1,
        2,
        3,
        4,
        5,
        6,
        7,
        8,
        9,
        10,
        11,
        12,
        13,
        14,
        15,
        16,
        17,
        18,
        19,
        20,
        21,
        22,
        23,
        24,
        25,
        26,
        27,
        28,
        29,
        30,
        31,
        32,
        33,
        34,
        35,
        36,
        37,
        38,
        39,
        40,
        41,
        42,
        43,
        44,
        45,
        46,
        47,
        48,
        49
    ],
    "Actual Production": [
        128.32,
        128.32,
        166.92,
        166.92,
        166.92,
        166.92,
        166.92,
        166.92,
        166.92,
        166.92,
        166.92,
        166.92,
        166.92,
        166.92,
        166.92,
        83.48,
        83.48,
        83.48,
        83.48,
        155.16,
        155.16,
        155.16,
        155.16,
        193.95,
        155.16,
        155.16,
        155.16,
        155.16,
        90.05000000000001,
        90.05000000000001,
        72.04,
        90.05000000000001,
        72.04,
        72.04,
        72.04,
        72.04,
        72.04,
        72.04,
        72.04,
        72.04,
        72.04,
        72.04,
        72.04,
        72.04,
        142.44,
        142.44,
        142.44,
        142.44,
        142.44,
        142.44
    ],
    "Exponential Prediction": [
        165.7558884241328,
        163.759434835291,
        161.7870276134911,
        159.83837713128008,
        157.91319724963475,
        156.01120527594497,
        154.13212192250347,
        152.27567126549513,
        150.44158070448054,
        148.62958092236744,
        146.83940584586435,
        145.0707926064104,
        143.3234815015759,
        141.59721595692778,
        139.89174248835414,
        138.20681066484283,
        136.54217307170845,
        134.89758527426173,
        133.2728057819171,
        131.66759601273233,
        130.081720258375,
        128.51494564951145,
        126.9670421216123,
        125.43778238116971,
        123.92694187232188,
        122.43429874387925,
        120.95963381674802,
        119.50273055174597,
        118.0633750178059,
        116.64135586056216,
        115.23646427131537,
        113.84849395637114,
        112.47724110674787,
        111.1225043682496,
        109.7840848118993,
        108.46178590472806,
        107.15541348091644,
        105.8647757132831,
        104.58968308511713,
        103.32994836234931,
        102.08538656605892,
        100.85581494531137,
        99.64105295032323,
        98.4409222059503,
        97.25524648549519,
        96.08385168483004,
        94.92656579683143,
        93.78321888612273,
        92.65364306412087,
        91.53767246438382
    ],
    "Hyperbolic Prediction": [
        168.98510895781578,
        166.42081186672772,
        163.92729346081657,
        161.50174250080323,
        159.1414926317517,
        156.8440132453727,
        154.60690102146998,
        152.4278720905915,
        150.30475476551214,
        148.23548279414564,
        146.21808909093224,
        144.25069990773332,
        142.33152940883878,
        140.4588746179045,
        138.63111070752393,
        136.84668660473892,
        135.10412088813794,
        133.40199795430567,
        131.73896443329892,
        130.11372583455355,
        128.5250434061913,
        126.97173119211583,
        125.45265327257505,
        123.96672117503499,
        122.51289144327643,
        121.09016335359202,
        119.69757676784378,
        118.33421011394559,
        116.9991784850687,
        115.6916318495393,
        114.41075336400995,
        113.1557577830477,
        111.92588995879619,
        110.72042342483914,
        109.53865905882569,
        108.37992381881419,
        107.24356954865605,
        106.12897184807629,
        105.03552900341599,
        103.96266097528633,
        102.90980843964518,
        101.8764318790495,
        100.86201072105922,
        99.86604252097392,
        98.88804218627526,
        97.92754124032226,
        96.98408712301087,
        96.05724252625949,
        95.14658476232182,
        94.25170516305839
    ],
    "Harmonic Prediction": [
        169.4479579732595,
        166.76916103196638,
        164.1737439586809,
        161.65787350440704,
        159.2179478432744,
        156.85057936769968,
        154.5525789959456,
        152.32094183921018,
        150.15283409278823,
        148.0455810310537,
        145.99665599932592,
        144.00367030736163,
        142.0643639394768,
        140.17659700533792,
        138.3383418634316,
        136.54767585626232,
        134.80277460255783,
        133.10190579728703,
        131.44342347519748,
        129.82576269794123,
        128.24743462874122,
        126.7070219620143,
        125.20317467846093,
        123.73460609889821,
        122.30008921259254,
        120.89845325806971,
        119.5285805363774,
        118.18940343856968,
        116.87990167079865,
        115.59909966185525,
        114.34606413931598,
        113.11990186163901,
        111.9197574946281,
        110.74481162165536,
        109.59427887791519,
        108.4674061997823,
        107.36347118107359,
        106.28178052867416,
        105.22166861058997,
        104.18249609003728,
        103.16364863967935,
        102.16453573057663,
        101.1845894908343,
        100.22326362931176,
        99.2800324201078,
        98.35438974385511,
        97.44584818215061,
        96.55393816171711,
        95.67820714513908,
        94.81821886524209
    ]
}