{
    "Exponential": {
        "qi": 165.7558884241328,
        "Di": 0.01211766420209168
    },
    "Hyperbolic": {
        "qi": 168.98510895781578,
        "Di": 0.015389886720415266,
        "b": 0.8421726043813502
    },
    "Harmonic": {
        "qi": 169.4479579732595,
        "Di": 0.016062903505161003
    }
}